[{
  "question": "What is 2+5+12?",
  "answers": [{
    "optionKey": "A",
    "optionVal": "54"
  }, {
    "optionKey": "B",
    "optionVal": "18"
  }, {
    "optionKey": "C",
    "optionVal": "19"
  }, {
    "optionKey": "D",
    "optionVal": "91"
  }],
  "correctOptionKey": "C",
  "correctAnsExplain": "2+5+12 = 19",
  "marks": 5
}, {
  "question": "What is 2+(4*5)?",
  "answers": [{
    "optionKey": "A",
    "optionVal": "30"
  }, {
    "optionKey": "B",
    "optionVal": "22"
  }, {
    "optionKey": "C",
    "optionVal": "14"
  }, {
    "optionKey": "D",
    "optionVal": "40"
  }],
  "correctOptionKey": "B",
  "correctAnsExplain": "2+(4*5) = 22 because due to BODMAS rule - Multiplication is done first as it''s inside the bracket",
  "marks": 5
}]