[{
  "question": "What is the Capital of Uttar Pradesh?",
  "answers": [{
    "optionKey": "A",
    "optionVal": "Kanpur"
  }, {
    "optionKey": "B",
    "optionVal": "Lucknow"
  }, {
    "optionKey": "C",
    "optionVal": "Bijnor"
  }, {
    "optionKey": "D",
    "optionVal": "Noida"
  }],
  "correctOptionKey": "B",
  "correctAnsExplain": "Lucknow is the capital, also known as Nawabo Ka Sheher",
  "marks": 5
}, {
  "question": "What is the Capital of Madhya Pradesh?",
  "answers": [{
    "optionKey": "A",
    "optionVal": "Indore"
  }, {
    "optionKey": "B",
    "optionVal": "Ujjain"
  }, {
    "optionKey": "C",
    "optionVal": "Bhopal"
  }, {
    "optionKey": "D",
    "optionVal": "Jam Nagar"
  }],
  "correctOptionKey": "C",
  "correctAnsExplain": "Bhopal is the capital of Madhaya Pradesh, Also known as City of Lakes",
  "marks": 5
}]